Level,Exp,HP,Speed,PhysicalPower,MagicPower,Defense,Range,Amount,Luck
1,0,300,10,5,5,5,5,0,6
2,10,400,12,6,6,6,5,0,7
3,30,500,14,7,7,7,5,0,8
4,43.3333333333333,600,16,8,8,8,5,0,9
5,58.3333333333333,700,18,9,9,9,5,0,10
6,73.3333333333333,800,20,10,10,10,5,0,11
7,88.3333333333333,900,22,11,11,11,5,0,12
8,103.333333333333,1000,24,12,12,12,5,0,13
9,118.333333333333,1100,26,13,13,13,5,0,14
10,133.333333333333,1200,28,14,14,14,5,0,15
